{
    "0": {
        "train_loss": 2.247771739959717,
        "train_accuracy": 16.63652801513672
    },
    "1": {
        "train_loss": 2.264676570892334,
        "train_accuracy": 18.62567710876465
    },
    "2": {
        "train_loss": 2.2804667949676514,
        "train_accuracy": 18.987340927124023
    },
    "3": {
        "train_loss": 1.841164231300354,
        "train_accuracy": 30.741409301757812
    },
    "4": {
        "train_loss": 0.8489620089530945,
        "train_accuracy": 73.59854888916016
    },
    "5": {
        "train_loss": 0.4972223937511444,
        "train_accuracy": 85.533447265625
    }
}