{
    "0": {
        "eva_loss": 2.2548110485076904,
        "eva_accuracy": 20.833332061767578
    },
    "1": {
        "eva_loss": 2.2990214824676514,
        "eva_accuracy": 18.518518447875977
    },
    "2": {
        "eva_loss": 2.2353997230529785,
        "eva_accuracy": 23.379629135131836
    },
    "3": {
        "eva_loss": 2.840494394302368,
        "eva_accuracy": 18.287036895751953
    },
    "4": {
        "eva_loss": 1.2165625095367432,
        "eva_accuracy": 61.11111068725586
    },
    "5": {
        "eva_loss": 0.4797031581401825,
        "eva_accuracy": 84.95370483398438
    }
}