{
    "0": {
        "eva_loss": 2.2390058040618896,
        "eva_accuracy": 17.1875
    },
    "1": {
        "eva_loss": 1.9155954122543335,
        "eva_accuracy": 25.0
    },
    "2": {
        "eva_loss": 2.768825054168701,
        "eva_accuracy": 9.375
    },
    "3": {
        "eva_loss": 2.1876134872436523,
        "eva_accuracy": 20.3125
    },
    "4": {
        "eva_loss": 1.7639658451080322,
        "eva_accuracy": 29.6875
    },
    "5": {
        "eva_loss": 1.7437708377838135,
        "eva_accuracy": 32.8125
    },
    "6": {
        "eva_loss": 3.941631317138672,
        "eva_accuracy": 23.4375
    },
    "7": {
        "eva_loss": 1.9818754196166992,
        "eva_accuracy": 28.125
    },
    "8": {
        "eva_loss": 3.1507787704467773,
        "eva_accuracy": 20.3125
    },
    "9": {
        "eva_loss": 1.8911354541778564,
        "eva_accuracy": 26.5625
    },
    "10": {
        "eva_loss": 3.4653728008270264,
        "eva_accuracy": 28.125
    },
    "11": {
        "eva_loss": 4.09948205947876,
        "eva_accuracy": 15.625
    },
    "12": {
        "eva_loss": 2.669907331466675,
        "eva_accuracy": 26.5625
    },
    "13": {
        "eva_loss": 3.259697437286377,
        "eva_accuracy": 31.25
    },
    "14": {
        "eva_loss": 2.064889907836914,
        "eva_accuracy": 26.5625
    },
    "15": {
        "eva_loss": 1.6802101135253906,
        "eva_accuracy": 37.5
    }
}