{
    "0": {
        "train_loss": 2.2238714694976807,
        "train_accuracy": 19.929244995117188
    },
    "1": {
        "train_loss": 1.7793760299682617,
        "train_accuracy": 32.075469970703125
    }
}