{
    "0": {
        "train_loss": 2.176236152648926,
        "train_accuracy": 20.99056625366211
    },
    "1": {
        "train_loss": 2.055870532989502,
        "train_accuracy": 23.702829360961914
    },
    "2": {
        "train_loss": 2.0095794200897217,
        "train_accuracy": 28.537734985351562
    },
    "3": {
        "train_loss": 1.9355195760726929,
        "train_accuracy": 27.712263107299805
    },
    "4": {
        "train_loss": 1.847761631011963,
        "train_accuracy": 34.316036224365234
    },
    "5": {
        "train_loss": 1.7886013984680176,
        "train_accuracy": 30.542451858520508
    },
    "6": {
        "train_loss": 1.8197203874588013,
        "train_accuracy": 35.849056243896484
    },
    "7": {
        "train_loss": 1.7401353120803833,
        "train_accuracy": 35.49528121948242
    },
    "8": {
        "train_loss": 1.6609046459197998,
        "train_accuracy": 38.91509246826172
    },
    "9": {
        "train_loss": 1.7212412357330322,
        "train_accuracy": 37.382076263427734
    },
    "10": {
        "train_loss": 1.88202965259552,
        "train_accuracy": 31.721696853637695
    }
}