{
    "0": {
        "eva_loss": 4.3368730545043945,
        "eva_accuracy": 11.862244606018066
    },
    "1": {
        "eva_loss": 10.744895935058594,
        "eva_accuracy": 10.969388008117676
    },
    "2": {
        "eva_loss": 2.5346622467041016,
        "eva_accuracy": 19.387754440307617
    },
    "3": {
        "eva_loss": 3.8424034118652344,
        "eva_accuracy": 15.178571701049805
    },
    "4": {
        "eva_loss": 5.818770408630371,
        "eva_accuracy": 10.459183692932129
    },
    "5": {
        "eva_loss": 2.4841079711914062,
        "eva_accuracy": 27.42346954345703
    },
    "6": {
        "eva_loss": 1.8013502359390259,
        "eva_accuracy": 35.33163070678711
    },
    "7": {
        "eva_loss": 1.8744583129882812,
        "eva_accuracy": 32.01530456542969
    },
    "8": {
        "eva_loss": 2.583264112472534,
        "eva_accuracy": 20.663265228271484
    },
    "9": {
        "eva_loss": 2.5220165252685547,
        "eva_accuracy": 19.51530647277832
    },
    "10": {
        "eva_loss": 7.350936412811279,
        "eva_accuracy": 16.071428298950195
    }
}